{
  "index.html": 1748240786629,
  "i18n/i18n_en.properties": 1747997616532,
  "i18n/i18n_en_US.properties": 1747997641363,
  "manifest.json": 1748003652222,
  "controller/View1.controller.js": 1748241634648,
  "controller/App.controller.js": 1747993957249,
  "model/models.js": 1747993957245,
  "Component.js": 1748003731094,
  "controller/View1-dbg.controller.js": 1748241634648,
  "controller/View1.controller.js.map": 1748241647566,
  "controller/App-dbg.controller.js": 1747993957249,
  "controller/App.controller.js.map": 1748241647561,
  "model/models-dbg.js": 1747993957245,
  "model/models.js.map": 1748241647563,
  "Component-dbg.js": 1748003731094,
  "Component.js.map": 1748241647557,
  "Component-preload.js": 1748241647743,
  "Component-preload.js.map": 1748241647743,
  "view/View1.view.xml": 1748241434248,
  "view/App.view.xml": 1747993957249,
  "css/style.css": 1747993957249,
  "i18n/i18n.properties": 1747993957241
}